,bc_well,bc_sequence,bc
0,C8,CTATTTCA,bc1
1,A10,ACTCGTAA,bc1
2,A11,CCTTTGCA,bc1
3,D1,CACTTTCA,bc1
4,C7,CTTCTAAC,bc1
5,A12,ACTCCTGC,bc1
6,D3,CTGACTTC,bc1
7,D4,CATTTGGA,bc1
8,D12,CATTCTAC,bc1
9,D2,CACCTTTA,bc1
10,A9,CATTTACA,bc1
11,C5,ATTCATGG,bc1
12,C6,ACTTTACC,bc1
13,D9,GCTATCAT,bc1
14,D10,ACATTCAT,bc1
15,D11,TTCGCTAC,bc1
16,B1,ATTTGGCA,bc1
17,B3,TCATGCTC,bc1
18,B4,CATACTTC,bc1
19,B2,TTATTCTG,bc1
20,H7,ACTGGCTT,bc1
21,A8,ATGCTGCT,bc1
22,B7,CTCTGTGC,bc1
23,H6,ACTATTGC,bc1
24,F4,CGTCTAGG,bc1
25,H8,ATTAGGCT,bc1
26,F6,CAGCCTTT,bc1
27,G4,GCCTCTAT,bc1
28,H2,GACTTTGC,bc1
29,H4,GTGCTAGC,bc1
30,E2,ATAAGCTC,bc1
31,F1,CTGTCTCA,bc1
32,E3,TCATCCTG,bc1
33,E8,TCTCTAGC,bc1
34,D8,CTATCATC,bc1
35,C3,ACACCTTT,bc1
36,G8,AATTCTGC,bc1
37,A6,CCAATTCT,bc1
38,F3,GATTTGGC,bc1
39,F2,GACCTTTC,bc1
40,E7,ACTTCATC,bc1
41,B5,CCGTTCTA,bc1
42,D5,GCTCTACT,bc1
43,D6,GTTACGTA,bc1
44,D7,CCTGTTGC,bc1
45,E5,TGGTATAC,bc1
46,A5,ACTTAGCT,bc1
47,G2,TGCTTGGG,bc1
48,H3,ATTGGCTC,bc1
49,A7,GCCTATCT,bc1
50,F8,CTTATACC,bc1
51,E6,TTGGGAGA,bc1
52,G7,TCTAGGCT,bc1
53,H5,CTTTCAAC,bc1
54,B6,GCTTCATA,bc1
55,E4,CCTGGTAT,bc1
56,A2,CTTCATCA,bc1
57,B8,CCCTTATA,bc1
58,G3,CGCTCATT,bc1
59,F5,TACTCGAA,bc1
60,G6,CTCTTAAC,bc1
61,H1,CCATTTGC,bc1
62,E1,CACTTATC,bc1
63,A4,ACATTTAC,bc1
64,A3,CCTATATC,bc1
65,F7,CCTCATTA,bc1
66,A1,CATTCCTA,bc1
67,C1,CATGTCTC,bc1
68,C2,TCATTGCA,bc1
69,G5,GAGCACAA,bc1
70,G1,TCACTTTA,bc1
71,C4,AATTTCTC,bc1
72,B10,CTCTAATC,bc1
73,F12,TTGTCTTA,bc1
74,H12,ACATTTGG,bc1
75,E11,ACTATATA,bc1
76,H10,ATTCTAGG,bc1
77,E12,CTCTATAC,bc1
78,F9,TCTATTAC,bc1
79,E9,ATGCCCTT,bc1
80,B9,ACTGCTCT,bc1
81,H11,CCTTACAT,bc1
82,F10,CCTGCATT,bc1
83,G11,ATCATTGC,bc1
84,H9,GCCTTTCA,bc1
85,B12,ATCTTAGG,bc1
86,E10,CCCAATTT,bc1
87,F11,CAATCCTT,bc1
88,C9,TCTCATGC,bc1
89,B11,ACCCTTGC,bc1
90,C11,TAAATATC,bc1
91,G12,GTTCAACA,bc1
92,G10,ACTTGCCT,bc1
93,C10,ATCCTTAC,bc1
94,C12,TTACCTGC,bc1
95,G9,CATTCTCA,bc1
96,G3,ACAGATTC,bc2
97,H1,CCATCCTC,bc2
98,F5,TGGAACAA,bc2
99,B10,ACGTATCA,bc2
100,H3,CCTAATCC,bc2
101,C10,CAGCGTTA,bc2
102,A2,AAACATCG,bc2
103,D10,GAATCTGA,bc2
104,B8,ACCTCCAA,bc2
105,E6,GGAGAACA,bc2
106,B6,ACACAGAA,bc2
107,C4,ATCCTGTA,bc2
108,H4,CCTCTATC,bc2
109,A6,ACATTGGC,bc2
110,G12,CACCTTAC,bc2
111,H5,CGACACAC,bc2
112,F6,TGGCTTCA,bc2
113,A11,CTGTAGCC,bc2
114,F7,TGGTGGTA,bc2
115,G8,ATAGCGAC,bc2
116,D7,CTCAATGA,bc2
117,G9,ATCATTCC,bc2
118,B2,AACCGAGA,bc2
119,E3,GCGAGTAA,bc2
120,C9,CACTTCGA,bc2
121,E10,GTCTGTCA,bc2
122,A1,AACGTGAT,bc2
123,F4,TGAAGAGA,bc2
124,C7,GACTAGTA,bc2
125,D4,CGAACTTA,bc2
126,G1,AATGTTGC,bc2
127,A7,CAGATCTG,bc2
128,F9,AACTCACC,bc2
129,G6,AGCCATGC,bc2
130,H6,CGGATTGC,bc2
131,G10,ATTGGCTC,bc2
132,C5,ATTGAGGA,bc2
133,E7,GGTGCGAA,bc2
134,F11,AAGGACAC,bc2
135,D3,CCTCCTGA,bc2
136,C11,CATACCAA,bc2
137,B4,AAGACGGA,bc2
138,B9,ACGCTCGA,bc2
139,E9,GTCGTAGA,bc2
140,E1,GATAGACA,bc2
141,E11,GTGTTCTA,bc2
142,F10,AAGAGATC,bc2
143,E2,GCCACATA,bc2
144,B12,AGAGTCAA,bc2
145,C3,AGTCACTA,bc2
146,F8,TTCACGCA,bc2
147,E4,GCTAACGA,bc2
148,H12,GCCAAGAC,bc2
149,E5,GCTCGGTA,bc2
150,G2,ACACGACC,bc2
151,H9,GACAGTGC,bc2
152,H11,GATGAATC,bc2
153,D5,CGACTGGA,bc2
154,A10,ACAAGCTA,bc2
155,A8,CATCAAGT,bc2
156,A9,CGCTGATC,bc2
157,H2,CCGACAAC,bc2
158,D9,CTGGCATA,bc2
159,B11,ACTATGCA,bc2
160,D1,CCGAAGTA,bc2
161,B1,AACAACCA,bc2
162,F3,TCTTCACA,bc2
163,G5,AGCACCTC,bc2
164,G4,AGATGTAC,bc2
165,C8,CAATGGAA,bc2
166,D2,CCGTGAGA,bc2
167,A5,ACCACTGT,bc2
168,A4,AGTGGTCA,bc2
169,F1,TATCAGCA,bc2
170,B3,AACGCTTA,bc2
171,C12,CCAGTTCA,bc2
172,F2,TCCGTCTA,bc2
173,C2,AGCAGGAA,bc2
174,B5,AAGGTACA,bc2
175,D8,CTGAGCCA,bc2
176,H10,GAGTTAGC,bc2
177,C6,CAACCACA,bc2
178,E8,GTACGCAA,bc2
179,H8,GAACAGGC,bc2
180,F12,AATCCGTC,bc2
181,A3,ATGCCTAA,bc2
182,B7,ACAGCAGA,bc2
183,D11,CAAGACTA,bc2
184,D6,CGCATACA,bc2
185,G7,AGGCTAAC,bc2
186,H7,CTAAGGTC,bc2
187,E12,TAGGATGA,bc2
188,C1,AGATCGCA,bc2
189,A12,AGTACAAG,bc2
190,G11,CAAGGAGC,bc2
191,D12,GAGCTGAA,bc2
192,B1,AACAACCA,bc3
193,G5,AGCACCTC,bc3
194,D9,CTGGCATA,bc3
195,F6,TGGCTTCA,bc3
196,F11,AAGGACAC,bc3
197,A1,AACGTGAT,bc3
198,D6,CGCATACA,bc3
199,A3,ATGCCTAA,bc3
200,E3,GCGAGTAA,bc3
201,G6,AGCCATGC,bc3
202,E1,GATAGACA,bc3
203,D8,CTGAGCCA,bc3
204,D10,GAATCTGA,bc3
205,A4,AGTGGTCA,bc3
206,G10,ATTGGCTC,bc3
207,H7,CTAAGGTC,bc3
208,D11,CAAGACTA,bc3
209,C8,CAATGGAA,bc3
210,D5,CGACTGGA,bc3
211,E5,GCTCGGTA,bc3
212,D4,CGAACTTA,bc3
213,A11,CTGTAGCC,bc3
214,G2,ACACGACC,bc3
215,F3,TCTTCACA,bc3
216,C1,AGATCGCA,bc3
217,F1,TATCAGCA,bc3
218,C11,CATACCAA,bc3
219,H8,GAACAGGC,bc3
220,B7,ACAGCAGA,bc3
221,F2,TCCGTCTA,bc3
222,B10,ACGTATCA,bc3
223,E11,GTGTTCTA,bc3
224,E10,GTCTGTCA,bc3
225,H5,CGACACAC,bc3
226,F12,AATCCGTC,bc3
227,G8,ATAGCGAC,bc3
228,A9,CGCTGATC,bc3
229,H9,GACAGTGC,bc3
230,E4,GCTAACGA,bc3
231,H6,CGGATTGC,bc3
232,E6,GGAGAACA,bc3
233,D3,CCTCCTGA,bc3
234,H4,CCTCTATC,bc3
235,C3,AGTCACTA,bc3
236,H2,CCGACAAC,bc3
237,G9,ATCATTCC,bc3
238,A6,ACATTGGC,bc3
239,H3,CCTAATCC,bc3
240,D2,CCGTGAGA,bc3
241,E2,GCCACATA,bc3
242,A7,CAGATCTG,bc3
243,H10,GAGTTAGC,bc3
244,F8,TTCACGCA,bc3
245,C6,CAACCACA,bc3
246,G1,AATGTTGC,bc3
247,F10,AAGAGATC,bc3
248,C4,ATCCTGTA,bc3
249,F7,TGGTGGTA,bc3
250,H1,CCATCCTC,bc3
251,A5,ACCACTGT,bc3
252,G11,CAAGGAGC,bc3
253,B6,ACACAGAA,bc3
254,F4,TGAAGAGA,bc3
255,B3,AACGCTTA,bc3
256,C7,GACTAGTA,bc3
257,F9,AACTCACC,bc3
258,F5,TGGAACAA,bc3
259,B4,AAGACGGA,bc3
260,A8,CATCAAGT,bc3
261,D1,CCGAAGTA,bc3
262,E7,GGTGCGAA,bc3
263,B12,AGAGTCAA,bc3
264,D7,CTCAATGA,bc3
265,C10,CAGCGTTA,bc3
266,B8,ACCTCCAA,bc3
267,E9,GTCGTAGA,bc3
268,H12,GCCAAGAC,bc3
269,G12,CACCTTAC,bc3
270,E8,GTACGCAA,bc3
271,B11,ACTATGCA,bc3
272,H11,GATGAATC,bc3
273,G3,ACAGATTC,bc3
274,G4,AGATGTAC,bc3
275,C5,ATTGAGGA,bc3
276,B5,AAGGTACA,bc3
277,G7,AGGCTAAC,bc3
278,C9,CACTTCGA,bc3
279,C2,AGCAGGAA,bc3
280,B2,AACCGAGA,bc3
281,B9,ACGCTCGA,bc3
282,A10,ACAAGCTA,bc3
283,D12,GAGCTGAA,bc3
284,A2,AAACATCG,bc3
285,C12,CCAGTTCA,bc3
286,A12,AGTACAAG,bc3
287,E12,TAGGATGA,bc3
